Сотовый телефон Xiaomi Redmi Note 13 8/256GB голубой,15660 сом,https://www.kivano.kg/images/product/132096/1705999822_48551100.jpg
Сотовый телефон Samsung Galaxy S23 Ultra 12/512GB зеленый,71360 сом,https://www.kivano.kg/images/product/118784/1679158987_31384800.jpg
Сотовый телефон Samsung Galaxy Z Flip 5 8/512GB кремовый,56400 сом,https://www.kivano.kg/images/product/128256/1697901834_63832900.jpg
Сотовый телефон Samsung Galaxy S23 Ultra 12/512GB кремовый,71360 сом,https://www.kivano.kg/images/product/118785/1679159066_25158800.jpg
Сотовый телефон Samsung Galaxy Z Flip 5 8/512GB лавандовый,56400 сом,https://www.kivano.kg/images/product/128257/1697901941_07758200.jpg
Сотовый телефон Samsung Galaxy S23 Ultra 12/512GB графит,71360 сом,https://www.kivano.kg/images/product/118786/1679159154_75202700.jpg
Сотовый телефон Samsung Galaxy S23 Ultra 12/512GB голубой,71360 сом,https://www.kivano.kg/images/product/118787/1679159225_02657600.jpg
Сотовый телефон Samsung Galaxy S23 Ultra 12/512GB лайм,71360 сом,https://www.kivano.kg/images/product/118788/1679159303_34858200.jpg
Сотовый телефон Xiaomi Redmi 13 6/128GB черный,11760 сом,https://www.kivano.kg/images/product/137477/1717998704_22241700.png
Сотовый телефон Samsung Galaxy S23 Ultra 12/512GB красный,71360 сом,https://www.kivano.kg/images/product/118789/1679159390_27278700.jpg
Сотовый телефон Xiaomi Redmi 13 6/128GB розовый,11760 сом,https://www.kivano.kg/images/product/137478/1717998795_95205300.png
Сотовый телефон Xiaomi Redmi 13 6/128GB золотистый,11760 сом,https://www.kivano.kg/images/product/137479/1717999120_88637600.png
Сотовый телефон Xiaomi Redmi 13 6/128GB голубой,11760 сом,https://www.kivano.kg/images/product/137480/1717999227_70165700.png
Сотовый телефон Xiaomi Redmi 13 8/128GB черный,13850 сом,https://www.kivano.kg/images/product/137481/1717999509_23909500.png
Сотовый телефон Xiaomi Redmi Note 13 Pro 8/256GB черный,26300 сом,https://www.kivano.kg/images/product/132106/1706001917_61615100.jpg
Сотовый телефон Xiaomi Redmi 13 8/128GB розовый,13850 сом,https://www.kivano.kg/images/product/137482/1717999614_98174100.png
Сотовый телефон Apple iPhone 13 128GB зеленый,53110 сом,https://www.kivano.kg/images/product/105482/1650357323_84906500.png
Сотовый телефон Xiaomi Redmi Note 13 Pro 8/256GB фиолетовый,18680 сом,https://www.kivano.kg/images/product/132107/1706001921_44783600.jpg
Сотовый телефон Xiaomi Redmi 13 8/128GB золотистый,13850 сом,https://www.kivano.kg/images/product/137483/1717999690_72771000.png
Сотовый телефон Apple iPhone 13 256GB зеленый,58210 сом,https://www.kivano.kg/images/product/105483/1650357352_25448500.png
Сотовый телефон Xiaomi Redmi Note 13 Pro 8/256GB зеленый,18680 сом,https://www.kivano.kg/images/product/132108/1706001924_96815800.jpg
Сотовый телефон Xiaomi Redmi 13 8/128GB голубой,13850 сом,https://www.kivano.kg/images/product/137484/1717999777_31288100.png
Сотовый телефон Xiaomi Redmi 13C 4/128GB черный,10290 сом,https://www.kivano.kg/images/product/129292/1700309450_89657300.jpg
Сотовый телефон Samsung Galaxy A25 8/128GB светло-голубой,15050 сом,https://www.kivano.kg/images/product/136973/1716806738_31560800.jpg
Сотовый телефон Xiaomi Redmi 13 8/256GB черный,14700 сом,https://www.kivano.kg/images/product/137485/1718000029_82295900.png
Сотовый телефон Xiaomi Redmi 13C 4/128GB синий,10290 сом,https://www.kivano.kg/images/product/129293/1700309634_00661200.png
Сотовый телефон Samsung Galaxy A25 8/128GB черно-синий,15050 сом,https://www.kivano.kg/images/product/136974/1716806900_25232900.jpg
Сотовый телефон Xiaomi Redmi 13 8/256GB розовый,14700 сом,https://www.kivano.kg/images/product/137486/1718000163_74948600.png
Сотовый телефон Xiaomi Redmi 13C 4/128GB белый,10290 сом,https://www.kivano.kg/images/product/129294/1700309730_33847000.jpg
Сотовый телефон Xiaomi Redmi 13 8/256GB золотистый,14700 сом,https://www.kivano.kg/images/product/137487/1718000240_88535400.png
Сотовый телефон Xiaomi Redmi 13C 4/128GB зеленый,10290 сом,https://www.kivano.kg/images/product/129295/1700309954_46131100.jpg
Сотовый телефон Xiaomi Redmi Note 13 Pro Plus 8/256GB черный,29840 сом,https://www.kivano.kg/images/product/132112/1706006321_01444600.jpg
Сотовый телефон Xiaomi Redmi 13 8/256GB голубой,14700 сом,https://www.kivano.kg/images/product/137488/1718000316_04092900.png
Сотовый телефон Xiaomi Redmi 13C 6/128GB синий ,11070 сом,https://www.kivano.kg/images/product/129296/1700310160_51875300.jpg
Сотовый телефон Xiaomi Redmi Note 13 Pro Plus 8/256GB белый,29840 сом,https://www.kivano.kg/images/product/132113/1706006563_40003500.jpg
Сотовый телефон Xiaomi Redmi 13C 8/256GB черный,12120 сом,https://www.kivano.kg/images/product/129297/1700310457_66855200.jpg
Сотовый телефон Xiaomi Redmi Note 13 Pro Plus 8/256GB фиолетовый,29840 сом,https://www.kivano.kg/images/product/132114/1706006652_28401800.jpg
Сотовый телефон Xiaomi Redmi 13C 8/256GB синий,12120 сом,https://www.kivano.kg/images/product/129298/1700310659_75997800.jpg
Сотовый телефон Xiaomi Redmi Note 13 Pro Plus 12/512GB черный,31570 сом,https://www.kivano.kg/images/product/132115/1706006879_14694500.jpg
Сотовый телефон Xiaomi Redmi 13C 8/256GB белый,12120 сом,https://www.kivano.kg/images/product/129299/1700311013_84423100.jpg
Сотовый телефон Xiaomi Redmi Note 13 Pro Plus 12/512GB белый,31570 сом,https://www.kivano.kg/images/product/132116/1706006989_71324100.jpg
Сотовый телефон Samsung Galaxy A35 6/128GB серо-голубой,19890 сом,https://www.kivano.kg/images/product/135444/1713243109_06259400.jpg
Сотовый телефон Xiaomi Redmi 13C 8/256GB зеленый,12120 сом,https://www.kivano.kg/images/product/129300/1700311327_58252900.jpg
Сотовый телефон Xiaomi Redmi Note 13 Pro Plus 12/512GB фиолетовый,31570 сом,https://www.kivano.kg/images/product/132117/1706007074_90772200.jpg
Сотовый телефон Samsung Galaxy A35 6/128GB лавандовый,19890 сом,https://www.kivano.kg/images/product/135445/1713243115_01023100.jpg
Сотовый телефон Xiaomi Poco C65 6/128GB сиреневый,10210 сом,https://www.kivano.kg/images/product/134166/1709824259_63975200.jpg
Сотовый телефон Samsung Galaxy A35 6/128GB желтый,19890 сом,https://www.kivano.kg/images/product/135446/1713243122_62608900.jpg
Сотовый телефон Xiaomi 14 12/256GB черный,59770 сом,https://www.kivano.kg/images/product/134168/1709826169_10060300.jpg
Сотовый телефон Samsung Galaxy S24 Ultra 12/256GB серый,84780 сом,https://www.kivano.kg/images/product/132121/1706013963_57698400.jpg
Сотовый телефон Xiaomi 14 12/256GB зеленый,59770 сом,https://www.kivano.kg/images/product/134169/1709826274_52740000.jpg
Сотовый телефон Xiaomi 14 12/256GB белый,59770 сом,https://www.kivano.kg/images/product/134170/1709826407_56473300.jpg
Сотовый телефон Xiaomi 14 12/512GB черный,60720 сом,https://www.kivano.kg/images/product/134171/1709826606_28710500.jpg
Сотовый телефон Samsung Galaxy A15 4/128GB светло-голубой,12970 сом,https://www.kivano.kg/images/product/131612/1705238249_14371400.jpg
Сотовый телефон Xiaomi 14 12/512GB зеленый,60720 сом,https://www.kivano.kg/images/product/134172/1709826727_91607400.jpg
Сотовый телефон Samsung Galaxy A15 4/128GB черно-синий,12970 сом,https://www.kivano.kg/images/product/131613/1705238328_05852700.jpg
Сотовый телефон Xiaomi 14 12/512GB белый,60720 сом,https://www.kivano.kg/images/product/134173/1709826854_26748300.jpg
Сотовый телефон Samsung Galaxy A15 4/128GB желтый,12970 сом,https://www.kivano.kg/images/product/131614/1705238425_09819500.jpg
Сотовый телефон Samsung Galaxy S23 8/256GB черный,52590 сом,https://www.kivano.kg/images/product/118814/1679251526_93886600.jpg
Сотовый телефон Xiaomi Poco X6 12/256GB черный,20500 сом,https://www.kivano.kg/images/product/131615/1705245304_62745700.jpg
Сотовый телефон Samsung Galaxy S23 8/256GB кремовый,52590 сом,https://www.kivano.kg/images/product/118815/1679251533_94566200.jpg
Сотовый телефон Xiaomi Poco X6 12/256GB синий,20500 сом,https://www.kivano.kg/images/product/131616/1705245455_84502700.jpg
Сотовый телефон Samsung Galaxy S23 8/256GB зеленый,52590 сом,https://www.kivano.kg/images/product/118816/1679251537_66730500.jpg
Сотовый телефон Xiaomi Poco X6 12/256GB белый,20500 сом,https://www.kivano.kg/images/product/131617/1705245769_17445100.jpg
Сотовый телефон Samsung Galaxy S23 8/256GB лавандовый,52590 сом,https://www.kivano.kg/images/product/118817/1679251540_63725600.jpg
Сотовый телефон Samsung Galaxy S23 8/256GB графит,52590 сом,https://www.kivano.kg/images/product/118818/1679251543_11137000.jpg
Сотовый телефон Samsung Galaxy S23 8/256GB лайм,52590 сом,https://www.kivano.kg/images/product/118819/1679251545_73126500.jpg
Сотовый телефон Samsung Galaxy A15 6/128GB голубой,14360 сом,https://www.kivano.kg/images/product/138020/1719775339_47851000.png
Сотовый телефон Samsung Galaxy S23 8/128GB черный,46880 сом,https://www.kivano.kg/images/product/117293/1676332819_65270900.jpg
Сотовый телефон Honor Magic 6 Pro 12/512GB фиолетовый,71450 сом,https://www.kivano.kg/images/product/139054/1722770844_99582300.jpg
Сотовый телефон Honor Magic 6 Pro 12/512GB голубой,71450 сом,https://www.kivano.kg/images/product/139055/1722771047_75401600.jpg
Сотовый телефон Samsung Galaxy S23 Ultra 12/256GB черный,73350 сом,https://www.kivano.kg/images/product/117295/1676334881_73479700.jpg
Сотовый телефон Xiaomi Poco C65 6/128GB черный,10210 сом,https://www.kivano.kg/images/product/132656/1706965984_62525000.jpg
Сотовый телефон Honor Magic 6 Pro 12/512GB белый,71450 сом,https://www.kivano.kg/images/product/139056/1722771186_10847900.jpg
Сотовый телефон Samsung Galaxy S23 Ultra 12/256GB лавандовый,70670 сом,https://www.kivano.kg/images/product/117296/1676334902_76114000.jpg
Сотовый телефон Xiaomi Poco C65 6/128GB синий,10210 сом,https://www.kivano.kg/images/product/132657/1706965997_50229900.jpg
Сотовый телефон Honor Magic 6 Pro 12/512GB зеленый,71450 сом,https://www.kivano.kg/images/product/139057/1722771270_24767500.jpg
Сотовый телефон Samsung Galaxy S24 8/256GB желтый,57950 сом,https://www.kivano.kg/images/product/132658/1706968097_01441700.jpg
Сотовый телефон Honor Magic 6 Pro 12/512GB черный,71450 сом,https://www.kivano.kg/images/product/139058/1722771403_12018500.jpg
Сотовый телефон Samsung Galaxy A54 5G 8/128GB зеленый,24130 сом,https://www.kivano.kg/images/product/119602/1680521204_49362900.jpg
Сотовый телефон Samsung Galaxy S24 8/256GB черный,62800 сом,https://www.kivano.kg/images/product/132659/1706968345_50942600.jpg
Сотовый телефон Xiaomi Poco M6 6/128GB черный,12970 сом,https://www.kivano.kg/images/product/139059/1722772814_99649100.png
Сотовый телефон Samsung Galaxy A54 5G 8/128GB черный,24130 сом,https://www.kivano.kg/images/product/119603/1680521211_54618700.jpg
Сотовый телефон Samsung Galaxy S24 8/256GB серый,62800 сом,https://www.kivano.kg/images/product/132660/1706968551_13065100.jpg
Сотовый телефон Samsung Galaxy A54 5G 8/128GB фиолетовый,24130 сом,https://www.kivano.kg/images/product/119604/1680521219_09877000.jpg
Сотовый телефон Samsung Galaxy S24 8/256GB фиолетовый,57950 сом,https://www.kivano.kg/images/product/132661/1706968757_40395300.jpg
Сотовый телефон Samsung Galaxy A54 5G 8/128GB белый,24130 сом,https://www.kivano.kg/images/product/119605/1680521226_02019200.jpg
Сотовый телефон Samsung Galaxy S24 8/256GB зеленый,57950 сом,https://www.kivano.kg/images/product/132662/1706968903_36169100.jpg
Сотовый телефон Samsung Galaxy S24 8/256GB оранжевый,57950 сом,https://www.kivano.kg/images/product/132663/1706969176_89210100.jpg
Сотовый телефон Samsung Galaxy S23 8/128GB кремовый,46880 сом,https://www.kivano.kg/images/product/119607/1680532075_44649100.jpg
Сотовый телефон Xiaomi Redmi 13C 6/128GB белый,11070 сом,https://www.kivano.kg/images/product/129591/1700924233_14712100.jpg
Сотовый телефон Samsung Galaxy S24 8/256GB голубой,57950 сом,https://www.kivano.kg/images/product/132664/1706969329_61989700.jpg
Сотовый телефон Samsung Galaxy S23 8/128GB зеленый,47750 сом,https://www.kivano.kg/images/product/119608/1680532160_25501200.jpg
Сотовый телефон Xiaomi Redmi 13C 6/128GB черный,11070 сом,https://www.kivano.kg/images/product/129592/1700924253_44014600.jpg
Сотовый телефон Xiaomi Poco X6 12/512GB черный,24650 сом,https://www.kivano.kg/images/product/132665/1707068357_33109300.jpg
Сотовый телефон Samsung Galaxy S23 8/128GB лавандовый,46880 сом,https://www.kivano.kg/images/product/119609/1680532284_32300500.jpg
Сотовый телефон Xiaomi Poco X6 12/512GB синий,24650 сом,https://www.kivano.kg/images/product/132666/1707068472_99547100.jpg
Сотовый телефон Samsung Galaxy S23 8/128GB графит,46880 сом,https://www.kivano.kg/images/product/119610/1680532350_83602500.jpg
Сотовый телефон Samsung Galaxy A34 5G 6/128GB зеленый,18510 сом,https://www.kivano.kg/images/product/119866/1680963530_26052900.jpg
Сотовый телефон Xiaomi Poco X6 12/512GB белый,24650 сом,https://www.kivano.kg/images/product/132667/1707068585_77266600.jpg
Сотовый телефон Samsung Galaxy S23 8/128GB лайм,46880 сом,https://www.kivano.kg/images/product/119611/1680532432_62256300.jpg
Сотовый телефон Samsung Galaxy A34 5G 6/128GB черный,18510 сом,https://www.kivano.kg/images/product/119867/1680963668_65973500.jpg
Сотовый телефон Samsung Galaxy A34 5G 8/256GB черный,21800 сом,https://www.kivano.kg/images/product/119868/1680963674_15498300.jpg
Сотовый телефон Xiaomi 14 Ultra 16/512GB белый,85380 сом,https://www.kivano.kg/images/product/136261/1715509297_83845400.jpg
Сотовый телефон Samsung Galaxy Z Flip 5 8/256GB мятный,51990 сом,https://www.kivano.kg/images/product/124746/1691825893_82315400.jpg
Сотовый телефон Samsung Galaxy Z Flip 5 8/256GB графит,51990 сом,https://www.kivano.kg/images/product/124747/1691826081_52572500.jpg
Сотовый телефон Samsung Galaxy Z Flip 5 8/256GB кремовый,51990 сом,https://www.kivano.kg/images/product/124748/1691826217_75948900.jpg
Сотовый телефон Samsung Galaxy Z Flip 5 8/256GB лавандовый,51990 сом,https://www.kivano.kg/images/product/124749/1691826381_87575600.jpg
Сотовый телефон Samsung Galaxy Z Fold 5 12/256GB серо-голубой,95930 сом,https://www.kivano.kg/images/product/124750/1691828573_82854800.jpg
Сотовый телефон Samsung Galaxy Z Fold 5 12/256GB черный,95930 сом,https://www.kivano.kg/images/product/124751/1691828685_93184500.jpg
Сотовый телефон Samsung Galaxy Z Fold 5 12/256GB кремовый,95930 сом,https://www.kivano.kg/images/product/124752/1691828818_90577100.jpg
Сотовый телефон Apple iPhone 14 128GB желтый,61850 сом,https://www.kivano.kg/images/product/119889/1681105560_17556400.jpg
Сотовый телефон Samsung Galaxy Z Fold 5 12/512GB серо-голубой,107430 сом,https://www.kivano.kg/images/product/124753/1691830168_14837300.jpg
Сотовый телефон Samsung Galaxy Z Fold 5 12/512GB черный,107430 сом,https://www.kivano.kg/images/product/124754/1691830300_79257600.jpg
Сотовый телефон Samsung Galaxy Z Fold 5 12/512GB кремовый,107430 сом,https://www.kivano.kg/images/product/124755/1691830410_04797900.jpg
Сотовый телефон Samsung Galaxy Z Fold 6 12/512GB розовый,138230 сом,https://www.kivano.kg/images/product/139093/1722934008_71926900.jpg
Сотовый телефон Samsung Galaxy Z Fold 6 12/512GB серый,138230 сом,https://www.kivano.kg/images/product/139094/1722934141_23237500.jpg
Сотовый телефон Samsung Galaxy Z Fold 6 12/512GB синий,138230 сом,https://www.kivano.kg/images/product/139095/1722934432_25639100.jpg
Сотовый телефон Xiaomi Redmi Note 13 Pro 8/128GB черный,17570 сом,https://www.kivano.kg/images/product/132952/1707721988_81258200.jpg
Сотовый телефон Xiaomi Redmi Note 13 Pro 8/128GB фиолетовый,17570 сом,https://www.kivano.kg/images/product/132953/1707721994_36728300.jpg
Сотовый телефон Samsung Galaxy A05s 4/128GB черный,10210 сом,https://www.kivano.kg/images/product/130649/1702857989_84061200.png
Сотовый телефон Xiaomi Redmi Note 13 Pro 8/128GB зеленый,17570 сом,https://www.kivano.kg/images/product/132954/1707722001_61780600.jpg
Сотовый телефон Xiaomi Poco F5 8/256GB белый,28890 сом,https://www.kivano.kg/images/product/125275/1692468590_22690900.jpg
Сотовый телефон Samsung Galaxy A05s 4/128GB фиолетовый,10210 сом,https://www.kivano.kg/images/product/130651/1702858441_76827900.png
Сотовый телефон Samsung Galaxy A05s 4/128GB зеленый,10210 сом,https://www.kivano.kg/images/product/130653/1702858736_29217300.png
Сотовый телефон Samsung Galaxy S24 Plus 12/256GB желтый,65750 сом,https://www.kivano.kg/images/product/133983/1709586125_39427400.jpg
Сотовый телефон Samsung Galaxy A05s 4/128GB серебристый,10210 сом,https://www.kivano.kg/images/product/130655/1702859152_88845500.png
Сотовый телефон Samsung Galaxy S24 Plus 12/256GB черный,71540 сом,https://www.kivano.kg/images/product/133984/1709586219_78622900.jpg
Сотовый телефон Xiaomi Redmi 12 8/256GB черный,11420 сом,https://www.kivano.kg/images/product/125536/1693056047_23978900.jpg
Сотовый телефон Samsung Galaxy S24 Plus 12/256GB серый,71540 сом,https://www.kivano.kg/images/product/133985/1709586309_08290000.jpg
Сотовый телефон Xiaomi Redmi 12 8/256GB голубой,11420 сом,https://www.kivano.kg/images/product/125537/1693056125_05578700.jpg
Сотовый телефон Samsung Galaxy S24 Plus 12/256GB фиолетовый,65750 сом,https://www.kivano.kg/images/product/133986/1709586410_62373100.jpg
Сотовый телефон Xiaomi Redmi 12 8/256GB серебристый,11420 сом,https://www.kivano.kg/images/product/125538/1693056190_22945800.jpg
Сотовый телефон Samsung Galaxy S24 Plus 12/256GB зеленый,65750 сом,https://www.kivano.kg/images/product/133987/1709586504_91120200.jpg
Сотовый телефон Samsung Galaxy S24 Plus 12/256GB оранжевый,65750 сом,https://www.kivano.kg/images/product/133988/1709586589_79724300.jpg
Сотовый телефон Samsung Galaxy S24 Plus 12/256GB голубой,65750 сом,https://www.kivano.kg/images/product/133989/1709586676_58279400.jpg
Сотовый телефон Samsung Galaxy Z Fold 6 12/256GB синий,132090 сом,https://www.kivano.kg/images/product/138856/1722233224_44089900.jpg
Сотовый телефон Samsung Galaxy A35 8/128GB темно-синий,23180 сом,https://www.kivano.kg/images/product/135017/1711906979_76633100.jpg
Сотовый телефон Samsung Galaxy Z Fold 6 12/256GB серый,132090 сом,https://www.kivano.kg/images/product/138857/1722233416_95740000.jpg
Сотовый телефон Apple iPhone 13 128GB красный,53110 сом,https://www.kivano.kg/images/product/97897/1631808085_26488000.jpg
Сотовый телефон Samsung Galaxy A35 8/128GB серо-голубой,20670 сом,https://www.kivano.kg/images/product/135018/1711907076_48707900.jpg
Сотовый телефон Samsung Galaxy Z Fold 6 12/256GB розовый,132090 сом,https://www.kivano.kg/images/product/138858/1722233840_89840800.jpg
Сотовый телефон Apple iPhone 13 256GB красный,58210 сом,https://www.kivano.kg/images/product/97898/1631808163_19486100.jpg
Сотовый телефон Samsung Galaxy A35 8/128GB лавандовый,20670 сом,https://www.kivano.kg/images/product/135019/1711907173_86594700.jpg
Сотовый телефон Samsung Galaxy A35 8/128GB желтый,20670 сом,https://www.kivano.kg/images/product/135020/1711907254_39857800.jpg
Сотовый телефон Apple iPhone 13 128GB синий,53110 сом,https://www.kivano.kg/images/product/97900/1631808440_79057200.jpg
Сотовый телефон Samsung Galaxy Z Flip 5 8/512GB графит,56400 сом,https://www.kivano.kg/images/product/124780/1691996335_90253900.jpg
Сотовый телефон Apple iPhone 13 256GB синий,58210 сом,https://www.kivano.kg/images/product/97901/1631808460_05048700.jpg
Сотовый телефон Apple iPhone 13 128GB полуночный,55710 сом,https://www.kivano.kg/images/product/97903/1631808729_32480300.jpg
Сотовый телефон Apple iPhone 13 256GB полуночный,58210 сом,https://www.kivano.kg/images/product/97904/1631808749_52759400.jpg
Сотовый телефон Apple iPhone 13 128GB сияющая звезда,53110 сом,https://www.kivano.kg/images/product/97906/1631809004_80505000.jpg
Сотовый телефон Apple iPhone 13 256GB сияющая звезда,58210 сом,https://www.kivano.kg/images/product/97907/1631809025_40225100.jpg
Сотовый телефон Apple iPhone 13 128GB розовый,53110 сом,https://www.kivano.kg/images/product/97909/1631809348_37875500.jpg
Сотовый телефон Apple iPhone 13 256GB розовый,58210 сом,https://www.kivano.kg/images/product/97910/1631809368_06181800.jpg
Сотовый телефон Xiaomi Poco F5 8/256GB черный,28890 сом,https://www.kivano.kg/images/product/124534/1691217632_93865400.jpg
Сотовый телефон Xiaomi Poco F5 8/256GB синий,28890 сом,https://www.kivano.kg/images/product/124535/1691217726_00575200.jpg
Сотовый телефон Xiaomi Poco M6 6/128GB фиолетовый,12970 сом,https://www.kivano.kg/images/product/137607/1718166462_48645400.png
Сотовый телефон Xiaomi Poco M6 8/256GB фиолетовый,14790 сом,https://www.kivano.kg/images/product/137608/1718166714_69772200.png
Сотовый телефон Samsung Galaxy Z Flip4 8/512GB фиолетовый,48530 сом,https://www.kivano.kg/images/product/121736/1685872177_29947000.jpg
Сотовый телефон Xiaomi Poco M6 8/256GB черный,14790 сом,https://www.kivano.kg/images/product/137609/1718166945_43415900.png
Сотовый телефон Samsung Galaxy Z Flip4 8/512GB золотой,48530 сом,https://www.kivano.kg/images/product/121737/1685872245_42342000.jpg
Сотовый телефон BQ BQ-2449 Hammer зеленый,5200 сом,https://www.kivano.kg/images/product/85898/1605094882_70653000.jpg
Сотовый телефон Samsung Galaxy Z Flip4 8/512GB графитовый,48530 сом,https://www.kivano.kg/images/product/121738/1685872420_01801300.jpg
Сотовый телефон BQ BQ-2449 Hammer оранжевый,5200 сом,https://www.kivano.kg/images/product/85899/1605095006_20935400.jpg
Сотовый телефон Samsung Galaxy Z Flip4 8/512GB голубой,48530 сом,https://www.kivano.kg/images/product/121739/1685872489_84966200.jpg
Сотовый телефон BQ BQ-2449 Hammer черный,5200 сом,https://www.kivano.kg/images/product/85900/1605095180_19869000.jpg
Сотовый телефон BQ BQ-3587 Disco Boom черный,5020 сом,https://www.kivano.kg/images/product/85901/1605098664_11167500.jpg
Сотовый телефон BQ BQ-3587 Disco Boom зеленый,5020 сом,https://www.kivano.kg/images/product/85902/1605098898_93582300.jpg
Сотовый телефон BQ BQ-3587 Disco Boom синий,5020 сом,https://www.kivano.kg/images/product/85903/1605099084_28044200.jpg
Сотовый телефон BQ BQ-3587 Disco Boom красный,5020 сом,https://www.kivano.kg/images/product/85904/1605099196_90993400.jpg
Сотовый телефон BQ BQ-2824 Tank T черный,5200 сом,https://www.kivano.kg/images/product/85909/1605103910_44521000.jpg
Сотовый телефон BQ BQ-2824 Tank T синий камуфляж,5200 сом,https://www.kivano.kg/images/product/85910/1605104257_24904600.jpg
Сотовый телефон BQ BQ-2824 Tank T зеленый,5200 сом,https://www.kivano.kg/images/product/85911/1605104432_78438800.jpg
Сотовый телефон BQ BQ-2824 Tank T серый камуфляж,5200 сом,https://www.kivano.kg/images/product/85912/1605104535_51372100.jpg
Сотовый телефон Apple iPhone 15 128GB черный,68080 сом,https://www.kivano.kg/images/product/126362/1694665422_87196100.jpg
Сотовый телефон Apple iPhone 15 128GB голубой,68080 сом,https://www.kivano.kg/images/product/126363/1694665415_66982000.jpg
Сотовый телефон Apple iPhone 15 128GB зеленый,68080 сом,https://www.kivano.kg/images/product/126364/1694665408_88868600.jpg
Сотовый телефон Apple iPhone 15 128GB желтый,68080 сом,https://www.kivano.kg/images/product/126365/1694665402_19932300.jpg
Сотовый телефон Apple iPhone 15 128GB розовый,68080 сом,https://www.kivano.kg/images/product/126366/1694665395_43145500.jpg
Сотовый телефон Apple iPhone 15 256GB черный,79490 сом,https://www.kivano.kg/images/product/126367/1694665388_45175800.jpg
Сотовый телефон Apple iPhone 15 256GB розовый,79490 сом,https://www.kivano.kg/images/product/126368/1694665381_92837400.jpg
Сотовый телефон Apple iPhone 15 256GB голубой,79490 сом,https://www.kivano.kg/images/product/126369/1694665374_93594400.jpg
Сотовый телефон Apple iPhone 15 256GB зеленый,79490 сом,https://www.kivano.kg/images/product/126370/1694665367_09261400.jpg
Сотовый телефон Apple iPhone 15 256GB желтый,79490 сом,https://www.kivano.kg/images/product/126371/1694665360_23131700.jpg
 Сотовый телефон Apple iPhone 15 Plus 128GB черный,71540 сом,https://www.kivano.kg/images/product/126377/1694665306_03947900.jpg
 Сотовый телефон Apple iPhone 15 Plus 128GB голубой,71540 сом,https://www.kivano.kg/images/product/126378/1694665298_96944200.jpg
Сотовый телефон Samsung Galaxy Z Flip4 8/256GB фиолетовый,43860 сом,https://www.kivano.kg/images/product/112811/1666851898_64551600.jpg
 Сотовый телефон Apple iPhone 15 Plus 128GB зеленый,71540 сом,https://www.kivano.kg/images/product/126379/1694665291_66479100.jpg
Сотовый телефон Apple iPhone 14 128GB полночный черный,61850 сом,https://www.kivano.kg/images/product/111020/1667069318_27060600.jpg
Сотовый телефон Samsung Galaxy Z Flip4 8/256GB графитовый,43860 сом,https://www.kivano.kg/images/product/112812/1666851909_57700800.jpg
 Сотовый телефон Apple iPhone 15 Plus 128GB желтый,71540 сом,https://www.kivano.kg/images/product/126380/1694665285_70077400.jpg
Сотовый телефон HTC Wildfire E2 4/64Gb черный,10390 сом,https://www.kivano.kg/images/product/90029/1615734456_46436000.jpg
Сотовый телефон Apple iPhone 14 128GB фиолетовый,61850 сом,https://www.kivano.kg/images/product/111021/1667069304_37205800.jpg
Сотовый телефон Samsung Galaxy Z Flip4 8/256GB голубой,43860 сом,https://www.kivano.kg/images/product/112813/1666851919_70805200.jpg
 Сотовый телефон Apple iPhone 15 Plus 128GB розовый,71540 сом,https://www.kivano.kg/images/product/126381/1694665278_69222400.jpg
Сотовый телефон HTC Wildfire E2 4/64Gb синий,10390 сом,https://www.kivano.kg/images/product/90030/1615734495_48681000.jpg
Сотовый телефон Apple iPhone 14 128GB сияющая звезда,61850 сом,https://www.kivano.kg/images/product/111022/1667069288_96465100.jpg
Сотовый телефон Samsung Galaxy Z Flip4 8/256GB золотой,43860 сом,https://www.kivano.kg/images/product/112814/1666851929_26870300.jpg
 Сотовый телефон Apple iPhone 15 Plus 256GB черный,80360 сом,https://www.kivano.kg/images/product/126382/1694665262_31984400.jpg
Сотовый телефон Apple iPhone 14 128GB голубой,61850 сом,https://www.kivano.kg/images/product/111023/1667069269_56684100.jpg
 Сотовый телефон Apple iPhone 15 Plus 256GB голубой,80360 сом,https://www.kivano.kg/images/product/126383/1694665256_55994300.jpg
Сотовый телефон Apple iPhone 14 128GB красный,61850 сом,https://www.kivano.kg/images/product/111024/1667069255_04497100.jpg
 Сотовый телефон Apple iPhone 15 Plus 256GB зеленый,80360 сом,https://www.kivano.kg/images/product/126384/1694665249_87242800.jpg
Сотовый телефон Samsung Galaxy S24 Ultra 12/256GB черный,84780 сом,https://www.kivano.kg/images/product/132273/1706363906_28266100.jpg
 Сотовый телефон Apple iPhone 15 Plus 256GB желтый,80360 сом,https://www.kivano.kg/images/product/126385/1694665243_23277000.jpg
Сотовый телефон Samsung Galaxy S24 Ultra 12/256GB фиолетовый,83900 сом,https://www.kivano.kg/images/product/132274/1706364055_86705800.jpg
 Сотовый телефон Apple iPhone 15 Plus 256GB розовый,80360 сом,https://www.kivano.kg/images/product/126386/1694665237_16686000.jpg
Сотовый телефон Samsung Galaxy S24 Ultra 12/256GB желтый,83900 сом,https://www.kivano.kg/images/product/132275/1706364166_91714700.jpg
Сотовый телефон Samsung Galaxy S24 Ultra 12/256GB голубой,83900 сом,https://www.kivano.kg/images/product/132276/1706364294_72898300.jpg
Сотовый телефон Samsung Galaxy S24 Ultra 12/256GB зеленый,83900 сом,https://www.kivano.kg/images/product/132277/1706364415_88426900.jpg
Сотовый телефон Samsung Galaxy S24 Ultra 12/256GB оранжевый,83900 сом,https://www.kivano.kg/images/product/132278/1706364545_15352900.jpg
Сотовый телефон Samsung Galaxy S24 Ultra 12/512GB серый,94200 сом,https://www.kivano.kg/images/product/132279/1706364770_73672000.jpg
Сотовый телефон Samsung Galaxy S24 Ultra 12/512GB черный,94200 сом,https://www.kivano.kg/images/product/132280/1706364972_85449100.jpg
Сотовый телефон Apple iPhone 15 Pro 128GB черный титан,91600 сом,https://www.kivano.kg/images/product/126392/1694665969_88523400.jpg
Сотовый телефон Samsung Galaxy S24 Ultra 12/512GB фиолетовый,94200 сом,https://www.kivano.kg/images/product/132281/1706365103_60831800.jpg
Сотовый телефон Apple iPhone 15 Pro 128GB белый титан,91600 сом,https://www.kivano.kg/images/product/126393/1694665971_99470600.jpg
Сотовый телефон Samsung Galaxy S24 Ultra 12/512GB желтый,94200 сом,https://www.kivano.kg/images/product/132282/1706365222_80030600.jpg
Сотовый телефон Apple iPhone 15 Pro 128GB голубой титан,91600 сом,https://www.kivano.kg/images/product/126394/1694665974_53217900.jpg
Сотовый телефон Samsung Galaxy S24 Ultra 12/512GB голубой,94200 сом,https://www.kivano.kg/images/product/132283/1706365338_08148900.jpg
Сотовый телефон Apple iPhone 15 Pro 128GB натуральный титан,91600 сом,https://www.kivano.kg/images/product/126395/1694665978_49233000.jpg
Сотовый телефон Samsung Galaxy S24 Ultra 12/512GB зеленый,94200 сом,https://www.kivano.kg/images/product/132284/1706365432_75518400.jpg
Сотовый телефон Apple iPhone 15 Pro 256GB черный титан,100350 сом,https://www.kivano.kg/images/product/126396/1694666848_16000600.jpg
Сотовый телефон Samsung Galaxy S24 Ultra 12/512GB оранжевый,94200 сом,https://www.kivano.kg/images/product/132285/1706365547_72189400.jpg
Сотовый телефон Apple iPhone 15 Pro 256GB белый титан,100350 сом,https://www.kivano.kg/images/product/126397/1694666850_43521600.jpg
Сотовый телефон Samsung Galaxy A35 8/256GB темно-синий,22760 сом,https://www.kivano.kg/images/product/134846/1711270767_00906000.jpg
Сотовый телефон Apple iPhone 15 Pro 256GB голубой титан,100350 сом,https://www.kivano.kg/images/product/126398/1694666852_74307500.jpg
Сотовый телефон Samsung Galaxy A35 8/256GB серо-голубой,22760 сом,https://www.kivano.kg/images/product/134847/1711270912_73465900.jpg
Сотовый телефон Apple iPhone 15 Pro 256GB натуральный титан,100350 сом,https://www.kivano.kg/images/product/126399/1694666855_16785700.jpg
Сотовый телефон Samsung Galaxy A35 8/256GB лавандовый,22760 сом,https://www.kivano.kg/images/product/134848/1711271036_87812900.jpg
Сотовый телефон Apple iPhone 15 Pro 512GB черный титан,121530 сом,https://www.kivano.kg/images/product/126400/1694667395_51160400.jpg
Сотовый телефон Samsung Galaxy A35 8/256GB желтый,22760 сом,https://www.kivano.kg/images/product/134849/1711271161_46513900.jpg
Сотовый телефон Apple iPhone 15 Pro 512GB белый титан,121530 сом,https://www.kivano.kg/images/product/126401/1694667398_11147800.jpg
Сотовый телефон Samsung Galaxy A55 8/128GB темно-синий,25080 сом,https://www.kivano.kg/images/product/134850/1711271988_70665400.jpg
Сотовый телефон Apple iPhone 15 Pro 512GB голубой титан,121530 сом,https://www.kivano.kg/images/product/126402/1694667402_09504400.jpg
Сотовый телефон Samsung Galaxy A55 8/128GB серо-голубой,25080 сом,https://www.kivano.kg/images/product/134851/1711272097_57149300.jpg
Сотовый телефон Apple iPhone 15 Pro 512GB натуральный титан,121530 сом,https://www.kivano.kg/images/product/126403/1694667405_30675300.jpg
Сотовый телефон Samsung Galaxy A55 8/128GB лавандовый,25080 сом,https://www.kivano.kg/images/product/134852/1711272198_78345900.jpg
Сотовый телефон Samsung Galaxy A55 8/128GB лимонный,25080 сом,https://www.kivano.kg/images/product/134853/1711272332_73917300.jpg
Сотовый телефон Samsung Galaxy A55 8/256GB темно-синий,34250 сом,https://www.kivano.kg/images/product/134854/1711272551_73186400.jpg
Сотовый телефон Samsung Galaxy A55 8/256GB серо-голубой,34250 сом,https://www.kivano.kg/images/product/134855/1711272687_21678800.jpg
Сотовый телефон Apple iPhone 15 Pro Max 256GB белый титан,109160 сом,https://www.kivano.kg/images/product/126408/1694669145_24643700.jpg
Сотовый телефон Apple iPhone 15 Pro Max 256GB черный титан,109160 сом,https://www.kivano.kg/images/product/126409/1694669229_45961600.jpg
Сотовый телефон Apple iPhone 15 Pro Max 256GB голубой титан,109160 сом,https://www.kivano.kg/images/product/126410/1694669232_73814600.jpg
Сотовый телефон Apple iPhone 15 Pro Max 256GB натуральный титан,109160 сом,https://www.kivano.kg/images/product/126411/1694669308_54562600.jpg
Сотовый телефон Apple iPhone 15 Pro Max 512GB черный титан,124990 сом,https://www.kivano.kg/images/product/126412/1694669897_74793400.jpg
Сотовый телефон Apple iPhone 15 Pro Max 512GB белый титан,124990 сом,https://www.kivano.kg/images/product/126413/1694669912_72276800.jpg
Сотовый телефон Apple iPhone 15 Pro Max 512GB голубой титан,124990 сом,https://www.kivano.kg/images/product/126414/1694669928_15845600.jpg
Сотовый телефон Apple iPhone 15 Pro Max 512GB натуральный титан,124990 сом,https://www.kivano.kg/images/product/126415/1694669948_41317400.jpg
Сотовый телефон Apple iPhone 15 Pro Max 1TB черный титан,149640 сом,https://www.kivano.kg/images/product/126416/1694670551_38768100.jpg
Сотовый телефон Apple iPhone 15 Pro Max 1TB белый титан,149640 сом,https://www.kivano.kg/images/product/126417/1694670564_94188000.jpg
Сотовый телефон Apple iPhone 15 Pro Max 1TB голубой титан,149640 сом,https://www.kivano.kg/images/product/126418/1694670577_44072400.jpg
Сотовый телефон Apple iPhone 15 Pro Max 1TB натуральный титан,149640 сом,https://www.kivano.kg/images/product/126419/1694670590_62014200.jpg
Сотовый телефон Xiaomi 14 Ultra 16/512GB черный,85380 сом,https://www.kivano.kg/images/product/135892/1714469045_53228500.png
Сотовый телефон Samsung Galaxy A34 5G 8/128GB зеленый,19040 сом,https://www.kivano.kg/images/product/119513/1680346426_77348900.jpg
Сотовый телефон Samsung Galaxy A34 5G 8/128GB черный,19040 сом,https://www.kivano.kg/images/product/119514/1680346515_08295000.jpg
Сотовый телефон Samsung Galaxy A34 5G 8/128GB фиолетовый,19040 сом,https://www.kivano.kg/images/product/119515/1680346619_72912000.jpg
Сотовый телефон Samsung Galaxy A34 5G 8/128GB серебристый,19040 сом,https://www.kivano.kg/images/product/119516/1680346752_60909900.jpg
Сотовый телефон Samsung Galaxy A54 5G 8/256GB зеленый,26470 сом,https://www.kivano.kg/images/product/119517/1680347866_91540700.jpg
Сотовый телефон Samsung Galaxy A54 5G 8/256GB черный,26470 сом,https://www.kivano.kg/images/product/119518/1680347963_43968000.jpg
Сотовый телефон Samsung Galaxy A54 5G 8/256GB фиолетовый,26470 сом,https://www.kivano.kg/images/product/119519/1680348047_89560700.jpg
Сотовый телефон Samsung Galaxy A54 5G 8/256GB белый,26470 сом,https://www.kivano.kg/images/product/119520/1680348134_09776100.jpg
Сотовый телефон Samsung Galaxy A15 6/128GB светло-голубой,14360 сом,https://www.kivano.kg/images/product/131809/1705584025_59935800.jpg
Сотовый телефон Samsung Galaxy A15 6/128GB черно-синий,14360 сом,https://www.kivano.kg/images/product/131810/1705584165_61677500.jpg
Сотовый телефон Samsung Galaxy A15 6/128GB желтый,14360 сом,https://www.kivano.kg/images/product/131811/1705584281_84013800.jpg
Сотовый телефон Samsung Galaxy A15 8/256GB желтый,13930 сом,https://www.kivano.kg/images/product/131812/1705584479_52417400.jpg
Сотовый телефон Samsung Galaxy A15 8/256GB черно-синий,13930 сом,https://www.kivano.kg/images/product/131813/1705584585_58561000.jpg
Сотовый телефон Samsung Galaxy A15 8/256GB светло-голубой,13930 сом,https://www.kivano.kg/images/product/131814/1705584711_69675400.jpg
Сотовый телефон Samsung Galaxy A25 6/128GB черно-синий,14880 сом,https://www.kivano.kg/images/product/131815/1705589192_18714100.jpg
Сотовый телефон Samsung Galaxy A25 6/128GB светло-голубой,14880 сом,https://www.kivano.kg/images/product/131816/1705589477_65373300.jpg
Сотовый телефон Samsung Galaxy A25 6/128GB желтый,14880 сом,https://www.kivano.kg/images/product/131817/1705590059_25144400.png
Сотовый телефон Samsung Galaxy A25 8/256GB черно-синий,20590 сом,https://www.kivano.kg/images/product/131818/1705590445_76433300.jpg
Сотовый телефон Samsung Galaxy S21 Fan Edition 8/256GB графитовый,33040 сом,https://www.kivano.kg/images/product/103402/1644909138_14677800.jpg
Сотовый телефон Samsung Galaxy A25 8/256GB светло-голубой,20590 сом,https://www.kivano.kg/images/product/131819/1705590617_22244600.jpg
Сотовый телефон Samsung Galaxy S21 Fan Edition 8/256GB зеленый,33040 сом,https://www.kivano.kg/images/product/103403/1644909155_80889600.jpg
Сотовый телефон Samsung Galaxy A25 8/256GB желтый,17390 сом,https://www.kivano.kg/images/product/131820/1705590800_22128900.png
Сотовый телефон Samsung Galaxy S21 Fan Edition 8/256GB лавандовый,33040 сом,https://www.kivano.kg/images/product/103404/1644909175_73567400.jpg
Сотовый телефон Samsung Galaxy S21 Fan Edition 8/256GB белый,33040 сом,https://www.kivano.kg/images/product/103405/1644909189_58593300.jpg
Сотовый телефон Samsung Galaxy S23 FE 8/256GB кремовый,39100 сом,https://www.kivano.kg/images/product/129006/1699717273_96623600.jpg
Сотовый телефон Samsung Galaxy S23 FE 8/256GB серый,39100 сом,https://www.kivano.kg/images/product/129007/1699717490_86172900.jpg
Сотовый телефон Xiaomi Redmi 13C 6/128GB зеленый,11070 сом,https://www.kivano.kg/images/product/131055/1703354969_44195200.jpg
Сотовый телефон Samsung Galaxy S23 FE 8/256GB индиго,39100 сом,https://www.kivano.kg/images/product/129008/1699717608_90793400.jpg
Сотовый телефон Samsung Galaxy S23 FE 8/256GB мятный,39100 сом,https://www.kivano.kg/images/product/129009/1699717730_31607000.jpg
Сотовый телефон Xiaomi Poco X6 Pro 8/256GB черный,23180 сом,https://www.kivano.kg/images/product/131826/1705625854_50110600.jpg
Сотовый телефон Xiaomi Poco F6 12/512GB черный,31660 сом,https://www.kivano.kg/images/product/136946/1716652388_74715100.png
Сотовый телефон Samsung Galaxy S23 FE 8/256GB фиолетовый,39100 сом,https://www.kivano.kg/images/product/129010/1699717863_76321700.jpg
Сотовый телефон Xiaomi Poco F6 12/512GB зеленый,31660 сом,https://www.kivano.kg/images/product/136947/1716652521_83729400.png
Сотовый телефон Samsung Galaxy A34 5G 6/128GB фиолетовый,18510 сом,https://www.kivano.kg/images/product/121331/1684701034_01282000.jpg
Сотовый телефон Samsung Galaxy S23 FE 8/256GB оранжевый,39100 сом,https://www.kivano.kg/images/product/129011/1699717990_81288700.jpg
Сотовый телефон Xiaomi Poco X6 Pro 8/256GB серый,23180 сом,https://www.kivano.kg/images/product/131828/1705626079_77303100.jpg
Сотовый телефон Xiaomi Poco F6 Pro 12/256GB черный,39960 сом,https://www.kivano.kg/images/product/136948/1716653600_94137300.png
Сотовый телефон Samsung Galaxy A15 4/128GB голубой,12970 сом,https://www.kivano.kg/images/product/139252/1723369386_57738200.png
Сотовый телефон Samsung Galaxy A34 5G 6/128GB серебристый,18510 сом,https://www.kivano.kg/images/product/121332/1684701126_57347700.jpg
Сотовый телефон Xiaomi Poco X6 Pro 12/512GB черный,26640 сом,https://www.kivano.kg/images/product/131829/1705626331_52960500.jpg
Сотовый телефон Xiaomi Poco F6 Pro 12/256GB белый,39960 сом,https://www.kivano.kg/images/product/136949/1716653730_21618300.png
Сотовый телефон Samsung Galaxy A25 8/128GB желтый,15050 сом,https://www.kivano.kg/images/product/137205/1717263873_62523200.png
Сотовый телефон Samsung Galaxy A25 8/256GB голубой,20590 сом,https://www.kivano.kg/images/product/139253/1723371209_93425500.png
Сотовый телефон Samsung Galaxy A34 5G 8/256GB зеленый,21800 сом,https://www.kivano.kg/images/product/121077/1683996167_31137600.jpg
Сотовый телефон Xiaomi Poco X6 Pro 12/512GB желтый,26640 сом,https://www.kivano.kg/images/product/131830/1705626406_42150800.jpg
Сотовый телефон Xiaomi Poco F6 Pro 12/512GB белый,40220 сом,https://www.kivano.kg/images/product/136950/1716653961_05215800.png
Сотовый телефон Samsung Galaxy A55 12/256GB синий,30020 сом,https://www.kivano.kg/images/product/137206/1717265713_29445700.jpg
Сотовый телефон Samsung Galaxy A34 5G 8/256GB фиолетовый,21800 сом,https://www.kivano.kg/images/product/121078/1683996304_43606600.jpg
Сотовый телефон Xiaomi Poco X6 Pro 12/512GB серый,26640 сом,https://www.kivano.kg/images/product/131831/1705626547_61167500.jpg
Сотовый телефон Xiaomi Poco F6 Pro 12/512GB черный,40220 сом,https://www.kivano.kg/images/product/136951/1716654280_53403000.png
Сотовый телефон Samsung Galaxy A55 12/256GB голубой,30020 сом,https://www.kivano.kg/images/product/137207/1717265859_78793700.jpg
Сотовый телефон Samsung Galaxy A34 5G 8/256GB серебристый,21800 сом,https://www.kivano.kg/images/product/121079/1683996410_46920500.jpg
Сотовый телефон Xiaomi Redmi Note 13 6/128GB черный,14360 сом,https://www.kivano.kg/images/product/132088/1705999148_91700300.jpg
Сотовый телефон Samsung Galaxy A55 12/256GB лавандовый,30020 сом,https://www.kivano.kg/images/product/137208/1717265996_10680100.jpg
Сотовый телефон Samsung Galaxy S23 Ultra 12/256GB зеленый,73350 сом,https://www.kivano.kg/images/product/118776/1679157700_75637200.jpg
Сотовый телефон Xiaomi Redmi Note 13 6/128GB зеленый,14360 сом,https://www.kivano.kg/images/product/132089/1705999153_10099800.jpg
Сотовый телефон Samsung Galaxy A55 12/256GB лимонный,30020 сом,https://www.kivano.kg/images/product/137209/1717266113_28905900.jpg
Сотовый телефон Samsung Galaxy S23 Ultra 12/256GB кремовый,70670 сом,https://www.kivano.kg/images/product/118777/1679157813_68212900.jpg
Сотовый телефон Xiaomi Redmi Note 13 6/128GB голубой,14360 сом,https://www.kivano.kg/images/product/132090/1705999157_53071300.jpg
Сотовый телефон Xiaomi Poco F6 12/512GB титан,31660 сом,https://www.kivano.kg/images/product/137210/1717270290_64705600.png
Сотовый телефон Samsung Galaxy S23 Ultra 12/256GB графит,73350 сом,https://www.kivano.kg/images/product/118778/1679158043_70638600.jpg
Сотовый телефон Xiaomi Redmi Note 13 8/128GB черный,14790 сом,https://www.kivano.kg/images/product/132091/1705999480_96865500.jpg
Сотовый телефон Samsung Galaxy S23 Ultra 12/256GB голубой,70670 сом,https://www.kivano.kg/images/product/118779/1679158197_62024500.jpg
Сотовый телефон Xiaomi Redmi Note 13 8/128GB зеленый,14790 сом,https://www.kivano.kg/images/product/132092/1705999485_90715600.jpg
Сотовый телефон Samsung Galaxy S23 Ultra 12/256GB лайм,70670 сом,https://www.kivano.kg/images/product/118780/1679158341_46848200.jpg
Сотовый телефон Xiaomi Redmi Note 13 8/128GB голубой,14790 сом,https://www.kivano.kg/images/product/132093/1705999490_06233000.jpg
Сотовый телефон Samsung Galaxy S23 Ultra 12/256GB красный,70670 сом,https://www.kivano.kg/images/product/118781/1679158429_30785500.jpg
Сотовый телефон Xiaomi Redmi Note 13 8/256GB черный,15660 сом,https://www.kivano.kg/images/product/132094/1705999812_44180900.jpg
Сотовый телефон Samsung Galaxy S23 Ultra 12/512GB черный,71360 сом,https://www.kivano.kg/images/product/118782/1679158838_30447300.jpg
Сотовый телефон Xiaomi Redmi Note 13 8/256GB зеленый,15660 сом,https://www.kivano.kg/images/product/132095/1705999818_44178400.jpg
Сотовый телефон Samsung Galaxy S23 Ultra 12/512GB лавандовый,71360 сом,https://www.kivano.kg/images/product/118783/1679158910_78291100.jpg
Сотовый телефон Samsung Galaxy Z Flip 5 8/512GB мятный,56400 сом,https://www.kivano.kg/images/product/128255/1697901669_72793300.jpg
